,MonthlySeaLevelPressure,MonthlyStationPressure
calc_csv_1.csv,0.990886928043792,0.7627705805633463
calc_csv_2.csv,0.999522171524597,0.9196543858219143
